{"cameraMode":{"drawMode":0,"name":"Shaded","section":"Shading Mode"},"sceneLighting":false,"audioPlay":false,"sceneViewState":{"m_AlwaysRefresh":false,"showFog":true,"showSkybox":false,"showFlares":true,"showImageEffects":true,"showParticleSystems":true,"showVisualEffectGraphs":true,"m_FxEnabled":true},"in2DMode":false,"pivot":{"x":0.41193389892578127,"y":21.385759353637697,"z":0.8539257049560547},"rotation":{"x":0.0013190367026254535,"y":-0.6860259175300598,"z":0.001238175667822361,"w":0.72758948802948},"size":28.678836822509767,"orthographic":false}