{"cameraMode":{"drawMode":0,"name":"Shaded","section":"Shading Mode"},"sceneLighting":false,"audioPlay":false,"sceneViewState":{"m_AlwaysRefresh":false,"showFog":true,"showSkybox":false,"showFlares":true,"showImageEffects":true,"showParticleSystems":true,"showVisualEffectGraphs":true,"m_FxEnabled":true},"in2DMode":false,"pivot":{"x":-0.8223692178726196,"y":1.3361644744873047,"z":-0.4314460754394531},"rotation":{"x":-0.07519769668579102,"y":0.032942917197942737,"z":-0.0024883518926799299,"w":-0.9966354370117188},"size":2.0293118953704836,"orthographic":false}