{"cameraMode":{"drawMode":0,"name":"Shaded","section":"Shading Mode"},"sceneLighting":true,"audioPlay":false,"sceneViewState":{"m_AlwaysRefresh":false,"showFog":true,"showSkybox":true,"showFlares":true,"showImageEffects":true,"showParticleSystems":true,"showVisualEffectGraphs":true,"m_FxEnabled":true},"in2DMode":false,"pivot":{"x":-6.7195844650268559,"y":15.74520492553711,"z":39.6178092956543},"rotation":{"x":-0.043787192553281787,"y":-0.01943870075047016,"z":0.0008488469175063074,"w":-0.9988605976104736},"size":5.735757827758789,"orthographic":false}