{"cameraMode":{"drawMode":0,"name":"Shaded","section":"Shading Mode"},"sceneLighting":true,"audioPlay":false,"sceneViewState":{"m_AlwaysRefresh":false,"showFog":true,"showSkybox":true,"showFlares":true,"showImageEffects":true,"showParticleSystems":true,"showVisualEffectGraphs":true,"m_FxEnabled":true},"in2DMode":false,"pivot":{"x":-6.9925432205200199,"y":16.636987686157228,"z":227.65933227539063},"rotation":{"x":0.11192101985216141,"y":0.6795203685760498,"z":-0.10606414079666138,"w":0.7172951102256775},"size":3.8828651905059816,"orthographic":false}