{"cameraMode":{"drawMode":0,"name":"Shaded","section":"Shading Mode"},"sceneLighting":false,"audioPlay":false,"sceneViewState":{"m_AlwaysRefresh":false,"showFog":true,"showSkybox":false,"showFlares":true,"showImageEffects":true,"showParticleSystems":true,"showVisualEffectGraphs":true,"m_FxEnabled":true},"in2DMode":false,"pivot":{"x":0.18856200575828553,"y":2.6069562435150148,"z":-11.005284309387207},"rotation":{"x":-0.1653028130531311,"y":0.038449469953775409,"z":0.006445013452321291,"w":0.9854811429977417},"size":2.366025447845459,"orthographic":false}